fecha,tipo,titulo_provisional,fuente_ticket,estado,accion_dueno
2026-10-05,curso,Introducción a los Patrones de Diseño en Python | Curso (1/17),STQ-34,master_editado_pendiente_revision,Programar la publicación en YouTube Studio (STQ-34) con metadatos de docs/youtube/; requiere master revisado (STQ-33)
2026-10-06,short,Qué es un patrón de diseño (y cuándo NO usarlo) #Shorts (del largo: Introducción a los patrones de diseño),STQ-36,pendiente_de_largo,Producir con Video2Short (plan en STQ-20) y publicar con el enlace al largo (STQ-36); solo si el largo ya está publicado
2026-10-08,curso,Patrón Factory Method en Python | Curso de Patrones de Diseño (2/17),STQ-34,master_editado_pendiente_revision,Programar la publicación en YouTube Studio (STQ-34) con metadatos de docs/youtube/; requiere master revisado (STQ-33)
2026-10-09,short,Deja de usar if/else para crear objetos #Shorts (del largo: Factory Method),STQ-36,pendiente_de_largo,Producir con Video2Short (plan en STQ-20) y publicar con el enlace al largo (STQ-36); solo si el largo ya está publicado
2026-10-12,curso,Patrón Abstract Factory en Python | Curso de Patrones de Diseño (3/17),STQ-34,master_editado_pendiente_revision,Programar la publicación en YouTube Studio (STQ-34) con metadatos de docs/youtube/; requiere master revisado (STQ-33)
2026-10-13,short,Familias de objetos sin acoplarte a clases concretas #Shorts (del largo: Abstract Factory),STQ-36,pendiente_de_largo,Producir con Video2Short (plan en STQ-20) y publicar con el enlace al largo (STQ-36); solo si el largo ya está publicado
2026-10-15,curso,Patrón Builder en Python | Curso de Patrones de Diseño (4/17),STQ-34,master_editado_pendiente_revision,Programar la publicación en YouTube Studio (STQ-34) con metadatos de docs/youtube/; requiere master revisado (STQ-33)
2026-10-16,short,Construye objetos complejos paso a paso #Shorts (del largo: Builder),STQ-36,pendiente_de_largo,Producir con Video2Short (plan en STQ-20) y publicar con el enlace al largo (STQ-36); solo si el largo ya está publicado
2026-10-17,pilar,Agente autónomo local con Ollama y FastMCP: construye tu propio agente,STQ-21,condicionado_a_grabacion_del_dueno,"Grabar, editar y subir (STQ-35); guion en STQ-21"
2026-10-19,curso,Patrón Prototype en Python | Curso de Patrones de Diseño (5/17),STQ-34,master_editado_pendiente_revision,Programar la publicación en YouTube Studio (STQ-34) con metadatos de docs/youtube/; requiere master revisado (STQ-33)
2026-10-20,short,Clona objetos en vez de crearlos de nuevo #Shorts (del largo: Prototype),STQ-36,pendiente_de_largo,Producir con Video2Short (plan en STQ-20) y publicar con el enlace al largo (STQ-36); solo si el largo ya está publicado
2026-10-22,curso,Patrón Singleton en Python | Curso de Patrones de Diseño (6/17),STQ-34,master_editado_pendiente_revision,Programar la publicación en YouTube Studio (STQ-34) con metadatos de docs/youtube/; requiere master revisado (STQ-33)
2026-10-23,short,Un agente de IA local que decide qué herramienta usar #Shorts (del largo: AgentMCP),STQ-36,condicionado_a_grabacion_del_dueno,Producir con Video2Short (plan en STQ-20) y publicar con el enlace al largo (STQ-36); solo si el largo ya está publicado
2026-10-26,curso,Patrón Adapter en Python | Curso de Patrones de Diseño (7/17),STQ-34,master_editado_pendiente_revision,Programar la publicación en YouTube Studio (STQ-34) con metadatos de docs/youtube/; requiere master revisado (STQ-33)
2026-10-27,short,Conecta dos interfaces incompatibles #Shorts (del largo: Adapter),STQ-36,pendiente_de_largo,Producir con Video2Short (plan en STQ-20) y publicar con el enlace al largo (STQ-36); solo si el largo ya está publicado
2026-10-29,curso,Patrón Bridge en Python | Curso de Patrones de Diseño (8/17),STQ-34,master_editado_pendiente_revision,Programar la publicación en YouTube Studio (STQ-34) con metadatos de docs/youtube/; requiere master revisado (STQ-33)
2026-10-30,short,Separa abstracción e implementación #Shorts (del largo: Bridge),STQ-36,pendiente_de_largo,Producir con Video2Short (plan en STQ-20) y publicar con el enlace al largo (STQ-36); solo si el largo ya está publicado
2026-10-31,pilar,Grid bot de trading en Bybit con Python paso a paso (educativo),STQ-23,condicionado_a_grabacion_del_dueno,"Grabar, editar y subir (STQ-37); incluye disclaimer de trading; NO cobrar GridBot como producto"
2026-11-02,curso,Patrón Composite en Python | Curso de Patrones de Diseño (9/17),STQ-34,master_editado_pendiente_revision,Programar la publicación en YouTube Studio (STQ-34) con metadatos de docs/youtube/; requiere master revisado (STQ-33)
2026-11-03,short,Trata objetos y grupos de objetos igual #Shorts (del largo: Composite),STQ-36,pendiente_de_largo,Producir con Video2Short (plan en STQ-20) y publicar con el enlace al largo (STQ-36); solo si el largo ya está publicado
2026-11-05,curso,Patrón Decorator en Python | Curso de Patrones de Diseño (10/17),STQ-34,master_editado_pendiente_revision,Programar la publicación en YouTube Studio (STQ-34) con metadatos de docs/youtube/; requiere master revisado (STQ-33)
2026-11-06,short,Cómo funciona un grid bot (sin promesas de ganancias) #Shorts (del largo: GridBot),STQ-36,condicionado_a_grabacion_del_dueno,Producir con Video2Short (plan en STQ-20) y publicar con el enlace al largo (STQ-36); solo si el largo ya está publicado; incluir aviso de trading (docs/youtube/disclaimer-trading.md)
2026-11-09,curso,Patrón Facade en Python | Curso de Patrones de Diseño (11/17),STQ-34,master_editado_pendiente_revision,Programar la publicación en YouTube Studio (STQ-34) con metadatos de docs/youtube/; requiere master revisado (STQ-33)
2026-11-10,short,Una interfaz simple para un sistema complejo #Shorts (del largo: Facade),STQ-36,pendiente_de_largo,Producir con Video2Short (plan en STQ-20) y publicar con el enlace al largo (STQ-36); solo si el largo ya está publicado
2026-11-12,curso,Patrón Flyweight en Python | Curso de Patrones de Diseño (12/17),STQ-34,master_editado_pendiente_revision,Programar la publicación en YouTube Studio (STQ-34) con metadatos de docs/youtube/; requiere master revisado (STQ-33)
2026-11-13,short,Ahorra memoria compartiendo estado #Shorts (del largo: Flyweight),STQ-36,pendiente_de_largo,Producir con Video2Short (plan en STQ-20) y publicar con el enlace al largo (STQ-36); solo si el largo ya está publicado
2026-11-14,pilar,Acelera Python con C++ y ejecución paralela (pybind11 + TBB),STQ-24,condicionado_a_grabacion_del_dueno,"Grabar, editar y subir (STQ-37)"
2026-11-16,curso,Patrón Chain of Responsibility en Python | Curso de Patrones de Diseño (13/17),STQ-34,master_editado_pendiente_revision,Programar la publicación en YouTube Studio (STQ-34) con metadatos de docs/youtube/; requiere master revisado (STQ-33)
2026-11-17,short,Una cadena de handlers en lugar de un if gigante #Shorts (del largo: Chain of Responsibility),STQ-36,pendiente_de_largo,Producir con Video2Short (plan en STQ-20) y publicar con el enlace al largo (STQ-36); solo si el largo ya está publicado
2026-11-19,curso,Patrón Command en Python | Curso de Patrones de Diseño (14/17),STQ-34,master_editado_pendiente_revision,Programar la publicación en YouTube Studio (STQ-34) con metadatos de docs/youtube/; requiere master revisado (STQ-33)
2026-11-20,short,Python vs C++ paralelo: la diferencia en segundos #Shorts (del largo: SpeedUpPython),STQ-36,condicionado_a_grabacion_del_dueno,Producir con Video2Short (plan en STQ-20) y publicar con el enlace al largo (STQ-36); solo si el largo ya está publicado
2026-11-23,curso,Patrón Observer en Python | Curso de Patrones de Diseño (15/17),STQ-34,master_editado_pendiente_revision,Programar la publicación en YouTube Studio (STQ-34) con metadatos de docs/youtube/; requiere master revisado (STQ-33)
2026-11-24,short,Notifica cambios sin acoplar clases #Shorts (del largo: Observer),STQ-36,pendiente_de_largo,Producir con Video2Short (plan en STQ-20) y publicar con el enlace al largo (STQ-36); solo si el largo ya está publicado
2026-11-26,curso,Patrón State en Python | Curso de Patrones de Diseño (16/17),STQ-34,master_editado_pendiente_revision,Programar la publicación en YouTube Studio (STQ-34) con metadatos de docs/youtube/; requiere master revisado (STQ-33)
2026-11-27,short,Cambia el comportamiento según el estado #Shorts (del largo: State),STQ-36,pendiente_de_largo,Producir con Video2Short (plan en STQ-20) y publicar con el enlace al largo (STQ-36); solo si el largo ya está publicado
2026-11-28,pilar,Algoritmo genético visual con Matplotlib: mira cómo evoluciona una recta,STQ-25,condicionado_a_grabacion_del_dueno,"Grabar, editar y subir (STQ-37)"
2026-11-30,curso,Patrón Strategy en Python | Curso de Patrones de Diseño (17/17),STQ-34,master_editado_pendiente_revision,Programar la publicación en YouTube Studio (STQ-34) con metadatos de docs/youtube/; requiere master revisado (STQ-33)
2026-12-01,short,Intercambia algoritmos en tiempo de ejecución #Shorts (del largo: Strategy),STQ-36,pendiente_de_largo,Producir con Video2Short (plan en STQ-20) y publicar con el enlace al largo (STQ-36); solo si el largo ya está publicado
2026-12-03,compilado,"Curso completo de Patrones de Diseño en Python (2 h 36 min, 17 episodios)",STQ-19,pendiente_de_pipeline,Generar el compilado con capítulos (STQ-19) y programarlo (STQ-34) después del episodio 17; verificar capítulos antes de publicar
2026-12-04,short,Una población de rectas que aprende sola #Shorts (del largo: Algoritmo genético),STQ-36,condicionado_a_grabacion_del_dueno,Producir con Video2Short (plan en STQ-20) y publicar con el enlace al largo (STQ-36); solo si el largo ya está publicado
2026-12-08,short,Los patrones que más usarás en proyectos reales #Shorts (del largo: Curso completo),STQ-36,pendiente_de_largo,Producir con Video2Short (plan en STQ-20) y publicar con el enlace al largo (STQ-36); solo si el largo ya está publicado
2026-12-11,short,Una población de rectas que aprende sola (parte 2) #Shorts (del largo: Algoritmo genético),STQ-36,condicionado_a_grabacion_del_dueno,Producir con Video2Short (plan en STQ-20) y publicar con el enlace al largo (STQ-36); solo si el largo ya está publicado
2026-12-12,pilar,Backtesting con Bandas de Bollinger en Python: el error que arruina tu estrategia,STQ-26,condicionado_a_grabacion_del_dueno,"Grabar, editar y subir (STQ-37); incluye disclaimer de trading"
2026-12-15,short,El error de look-ahead que infla tu backtest #Shorts (del largo: Backtesting Bollinger),STQ-36,condicionado_a_grabacion_del_dueno,Producir con Video2Short (plan en STQ-20) y publicar con el enlace al largo (STQ-36); solo si el largo ya está publicado; incluir aviso de trading (docs/youtube/disclaimer-trading.md)
2026-12-18,short,Cómo elegir el patrón correcto en 30 segundos #Shorts (del largo: Curso completo),STQ-36,pendiente_de_largo,Producir con Video2Short (plan en STQ-20) y publicar con el enlace al largo (STQ-36); solo si el largo ya está publicado
2026-12-22,short,Costes y comisiones: por qué tu backtest miente #Shorts (del largo: Backtesting Bollinger),STQ-36,condicionado_a_grabacion_del_dueno,Producir con Video2Short (plan en STQ-20) y publicar con el enlace al largo (STQ-36); solo si el largo ya está publicado; incluir aviso de trading (docs/youtube/disclaimer-trading.md)
2026-12-25,short,Empieza el curso de patrones de diseño aquí #Shorts (del largo: Curso completo),STQ-36,pendiente_de_largo,Producir con Video2Short (plan en STQ-20) y publicar con el enlace al largo (STQ-36); solo si el largo ya está publicado
2026-12-26,pilar,N8N con Docker: automatiza tareas en tu propia máquina,STQ-22,condicionado_a_grabacion_del_dueno,"Grabar, editar y subir (STQ-37)"
