Timestamp,market-price
2009-01-02 23:00:00,0
2009-01-05 23:00:00,0
2009-01-08 23:00:00,0
2009-01-11 23:00:00,0
2009-01-14 23:00:00,0
2009-01-17 23:00:00,0
2009-01-20 23:00:00,0
2009-01-23 23:00:00,0
2009-01-26 23:00:00,0
2009-01-29 23:00:00,0
2009-02-01 23:00:00,0
2009-02-04 23:00:00,0
2009-02-07 23:00:00,0
2009-02-10 23:00:00,0
2009-02-13 23:00:00,0
2009-02-16 23:00:00,0
2009-02-19 23:00:00,0
2009-02-22 23:00:00,0
2009-02-25 23:00:00,0
2009-02-28 23:00:00,0
2009-03-03 23:00:00,0
2009-03-06 23:00:00,0
2009-03-09 23:00:00,0
2009-03-12 23:00:00,0
2009-03-15 23:00:00,0
2009-03-18 23:00:00,0
2009-03-21 23:00:00,0
2009-03-24 23:00:00,0
2009-03-27 23:00:00,0
2009-03-30 23:00:00,0
2009-04-02 23:00:00,0
2009-04-06 00:00:00,0
2009-04-09 00:00:00,0
2009-04-12 00:00:00,0
2009-04-15 00:00:00,0
2009-04-18 00:00:00,0
2009-04-21 00:00:00,0
2009-04-24 00:00:00,0
2009-04-27 00:00:00,0
2009-04-30 00:00:00,0
2009-05-03 00:00:00,0
2009-05-06 00:00:00,0
2009-05-09 00:00:00,0
2009-05-12 00:00:00,0
2009-05-15 00:00:00,0
2009-05-18 00:00:00,0
2009-05-21 00:00:00,0
2009-05-24 00:00:00,0
2009-05-27 00:00:00,0
2009-05-30 00:00:00,0
2009-06-02 00:00:00,0
2009-06-05 00:00:00,0
2009-06-08 00:00:00,0
2009-06-11 00:00:00,0
2009-06-14 00:00:00,0
2009-06-17 00:00:00,0
2009-06-20 00:00:00,0
2009-06-23 00:00:00,0
2009-06-26 00:00:00,0
2009-06-29 00:00:00,0
2009-07-02 00:00:00,0
2009-07-05 00:00:00,0
2009-07-08 00:00:00,0
2009-07-11 00:00:00,0
2009-07-14 00:00:00,0
2009-07-17 00:00:00,0
2009-07-20 00:00:00,0
2009-07-23 00:00:00,0
2009-07-26 00:00:00,0
2009-07-29 00:00:00,0
2009-08-01 00:00:00,0
2009-08-04 00:00:00,0
2009-08-07 00:00:00,0
2009-08-10 00:00:00,0
2009-08-13 00:00:00,0
2009-08-16 00:00:00,0
2009-08-19 00:00:00,0
2009-08-22 00:00:00,0
2009-08-25 00:00:00,0
2009-08-28 00:00:00,0
2009-08-31 00:00:00,0
2009-09-03 00:00:00,0
2009-09-06 00:00:00,0
2009-09-09 00:00:00,0
2009-09-12 00:00:00,0
2009-09-15 00:00:00,0
2009-09-18 00:00:00,0
2009-09-21 00:00:00,0
2009-09-24 00:00:00,0
2009-09-27 00:00:00,0
2009-09-30 00:00:00,0
2009-10-03 00:00:00,0
2009-10-06 00:00:00,0
2009-10-09 00:00:00,0
2009-10-12 00:00:00,0
2009-10-15 00:00:00,0
2009-10-18 00:00:00,0
2009-10-21 00:00:00,0
2009-10-24 00:00:00,0
2009-10-26 23:00:00,0
2009-10-29 23:00:00,0
2009-11-01 23:00:00,0
2009-11-04 23:00:00,0
2009-11-07 23:00:00,0
2009-11-10 23:00:00,0
2009-11-13 23:00:00,0
2009-11-16 23:00:00,0
2009-11-19 23:00:00,0
2009-11-22 23:00:00,0
2009-11-25 23:00:00,0
2009-11-28 23:00:00,0
2009-12-01 23:00:00,0
2009-12-04 23:00:00,0
2009-12-07 23:00:00,0
2009-12-10 23:00:00,0
2009-12-13 23:00:00,0
2009-12-16 23:00:00,0
2009-12-19 23:00:00,0
2009-12-22 23:00:00,0
2009-12-25 23:00:00,0
2009-12-28 23:00:00,0
2009-12-31 23:00:00,0
2010-01-03 23:00:00,0
2010-01-06 23:00:00,0
2010-01-09 23:00:00,0
2010-01-12 23:00:00,0
2010-01-15 23:00:00,0
2010-01-18 23:00:00,0
2010-01-21 23:00:00,0
2010-01-24 23:00:00,0
2010-01-27 23:00:00,0
2010-01-30 23:00:00,0
2010-02-02 23:00:00,0
2010-02-05 23:00:00,0
2010-02-08 23:00:00,0
2010-02-11 23:00:00,0
2010-02-14 23:00:00,0
2010-02-17 23:00:00,0
2010-02-20 23:00:00,0
2010-02-23 23:00:00,0
2010-02-26 23:00:00,0
2010-03-01 23:00:00,0
2010-03-04 23:00:00,0
2010-03-07 23:00:00,0
2010-03-10 23:00:00,0
2010-03-13 23:00:00,0
2010-03-16 23:00:00,0
2010-03-19 23:00:00,0
2010-03-22 23:00:00,0
2010-03-25 23:00:00,0
2010-03-28 23:00:00,0
2010-03-31 23:00:00,0
2010-04-03 23:00:00,0
2010-04-07 00:00:00,0
2010-04-10 00:00:00,0
2010-04-13 00:00:00,0
2010-04-16 00:00:00,0
2010-04-19 00:00:00,0
2010-04-22 00:00:00,0
2010-04-25 00:00:00,0
2010-04-28 00:00:00,0
2010-05-01 00:00:00,0
2010-05-04 00:00:00,0
2010-05-07 00:00:00,0
2010-05-10 00:00:00,0
2010-05-13 00:00:00,0
2010-05-16 00:00:00,0
2010-05-19 00:00:00,0
2010-05-22 00:00:00,0
2010-05-25 00:00:00,0
2010-05-28 00:00:00,0
2010-05-31 00:00:00,0
2010-06-03 00:00:00,0
2010-06-06 00:00:00,0
2010-06-09 00:00:00,0
2010-06-12 00:00:00,0
2010-06-15 00:00:00,0
2010-06-18 00:00:00,0
2010-06-21 00:00:00,0
2010-06-24 00:00:00,0
2010-06-27 00:00:00,0
2010-06-30 00:00:00,0
2010-07-03 00:00:00,0
2010-07-06 00:00:00,0
2010-07-09 00:00:00,0
2010-07-12 00:00:00,0
2010-07-15 00:00:00,0
2010-07-18 00:00:00,0
2010-07-21 00:00:00,0
2010-07-24 00:00:00,0
2010-07-27 00:00:00,0
2010-07-30 00:00:00,0
2010-08-02 00:00:00,0
2010-08-05 00:00:00,0
2010-08-08 00:00:00,0
2010-08-11 00:00:00,0
2010-08-14 00:00:00,0
2010-08-17 00:00:00,0
2010-08-20 00:00:00,0.07
2010-08-23 00:00:00,0.07
2010-08-26 00:00:00,0.07
2010-08-29 00:00:00,0.06
2010-09-01 00:00:00,0.06
2010-09-04 00:00:00,0.06
2010-09-07 00:00:00,0.06
2010-09-10 00:00:00,0.06
2010-09-13 00:00:00,0.06
2010-09-16 00:00:00,0.15
2010-09-19 00:00:00,0.06
2010-09-22 00:00:00,0.06
2010-09-25 00:00:00,0.06
2010-09-28 00:00:00,0.06
2010-10-01 00:00:00,0.06
2010-10-04 00:00:00,0.06
2010-10-07 00:00:00,0.06
2010-10-10 00:00:00,0.12
2010-10-13 00:00:00,0.1
2010-10-16 00:00:00,0.12
2010-10-19 00:00:00,0.1
2010-10-22 00:00:00,0.11
2010-10-25 00:00:00,0.18
2010-10-28 00:00:00,0.19
2010-10-31 00:00:00,0.19
2010-11-02 23:00:00,0.21
2010-11-05 23:00:00,0.25
2010-11-08 23:00:00,0.36
2010-11-11 23:00:00,0.24
2010-11-14 23:00:00,0.3
2010-11-17 23:00:00,0.28
2010-11-20 23:00:00,0.29
2010-11-23 23:00:00,0.29
2010-11-26 23:00:00,0.29
2010-11-29 23:00:00,0.28
2010-12-02 23:00:00,0.25
2010-12-05 23:00:00,0.23
2010-12-08 23:00:00,0.25
2010-12-11 23:00:00,0.23
2010-12-14 23:00:00,0.23
2010-12-17 23:00:00,0.25
2010-12-20 23:00:00,0.27
2010-12-23 23:00:00,0.25
2010-12-26 23:00:00,0.27
2010-12-29 23:00:00,0.3
2011-01-01 23:00:00,0.3
2011-01-04 23:00:00,0.3
2011-01-07 23:00:00,0.32
2011-01-10 23:00:00,0.33
2011-01-13 23:00:00,0.42
2011-01-16 23:00:00,0.4
2011-01-19 23:00:00,0.35
2011-01-22 23:00:00,0.43
2011-01-25 23:00:00,0.43
2011-01-28 23:00:00,0.45
2011-01-31 23:00:00,0.61
2011-02-03 23:00:00,0.78
2011-02-06 23:00:00,0.92
2011-02-09 23:00:00,0.97
2011-02-12 23:00:00,1.09
2011-02-15 23:00:00,1.08
2011-02-18 23:00:00,1.04
2011-02-21 23:00:00,0.88
2011-02-24 23:00:00,0.96
2011-02-27 23:00:00,0.96
2011-03-02 23:00:00,0.95
2011-03-05 23:00:00,0.92
2011-03-08 23:00:00,0.9
2011-03-11 23:00:00,0.93
2011-03-14 23:00:00,0.9
2011-03-17 23:00:00,0.87
2011-03-20 23:00:00,0.79
2011-03-23 23:00:00,0.86
2011-03-26 23:00:00,0.9
2011-03-29 23:00:00,0.8
2011-04-01 23:00:00,0.8
2011-04-05 00:00:00,0.77
2011-04-08 00:00:00,0.78
2011-04-11 00:00:00,0.76
2011-04-14 00:00:00,0.99
2011-04-17 00:00:00,1.09
2011-04-20 00:00:00,1.19
2011-04-23 00:00:00,1.38
2011-04-26 00:00:00,1.71
2011-04-29 00:00:00,2.66
2011-05-02 00:00:00,3.95
2011-05-05 00:00:00,3.56
2011-05-08 00:00:00,3.75
2011-05-11 00:00:00,5.41
2011-05-14 00:00:00,8.56
2011-05-17 00:00:00,8.47
2011-05-20 00:00:00,7.28
2011-05-23 00:00:00,6.81
2011-05-26 00:00:00,7.95
2011-05-29 00:00:00,8.68
2011-06-01 00:00:00,9.47
2011-06-04 00:00:00,15.05
2011-06-07 00:00:00,19.19
2011-06-10 00:00:00,32.34
2011-06-13 00:00:00,24.87
2011-06-16 00:00:00,19.99
2011-06-19 00:00:00,17.6
2011-06-22 00:00:00,15.39
2011-06-25 00:00:00,16.95
2011-06-28 00:00:00,17.89
2011-07-01 00:00:00,17.38
2011-07-04 00:00:00,15.74
2011-07-07 00:00:00,16.44
2011-07-10 00:00:00,15.16
2011-07-13 00:00:00,14.52
2011-07-16 00:00:00,14.25
2011-07-19 00:00:00,13.93
2011-07-22 00:00:00,13.94
2011-07-25 00:00:00,14.16
2011-07-28 00:00:00,14.1
2011-07-31 00:00:00,14.06
2011-08-03 00:00:00,13.37
2011-08-06 00:00:00,11.42
2011-08-09 00:00:00,9.66
2011-08-12 00:00:00,10.35
2011-08-15 00:00:00,11.4
2011-08-18 00:00:00,11.39
2011-08-21 00:00:00,11.75
2011-08-24 00:00:00,11.47
2011-08-27 00:00:00,10.01
2011-08-30 00:00:00,9.4
2011-09-02 00:00:00,8.46
2011-09-05 00:00:00,8.56
2011-09-08 00:00:00,7.53
2011-09-11 00:00:00,6.49
2011-09-14 00:00:00,6.19
2011-09-17 00:00:00,5.18
2011-09-20 00:00:00,5.89
2011-09-23 00:00:00,5.8
2011-09-26 00:00:00,5.49
2011-09-29 00:00:00,4.95
2011-10-02 00:00:00,5.27
2011-10-05 00:00:00,5.03
2011-10-08 00:00:00,4.79
2011-10-11 00:00:00,4.23
2011-10-14 00:00:00,4.37
2011-10-17 00:00:00,3.87
2011-10-20 00:00:00,2.59
2011-10-23 00:00:00,3.31
2011-10-26 00:00:00,3
2011-10-29 00:00:00,3.39
2011-10-31 23:00:00,3.38
2011-11-03 23:00:00,3.28
2011-11-06 23:00:00,3.04
2011-11-09 23:00:00,3.09
2011-11-12 23:00:00,3.11
2011-11-15 23:00:00,2.67
2011-11-18 23:00:00,2.37
2011-11-21 23:00:00,2.3
2011-11-24 23:00:00,2.48
2011-11-27 23:00:00,2.51
2011-11-30 23:00:00,3
2011-12-03 23:00:00,3.1
2011-12-06 23:00:00,3.06
2011-12-09 23:00:00,3.04
2011-12-12 23:00:00,3.33
2011-12-15 23:00:00,3.2
2011-12-18 23:00:00,3.36
2011-12-21 23:00:00,4.08
2011-12-24 23:00:00,4.06
2011-12-27 23:00:00,4.09
2011-12-30 23:00:00,4.47
2012-01-02 23:00:00,5.45
2012-01-05 23:00:00,6.6
2012-01-08 23:00:00,7.2
2012-01-11 23:00:00,7.1
2012-01-14 23:00:00,6.81
2012-01-17 23:00:00,6.97
2012-01-20 23:00:00,6.57
2012-01-23 23:00:00,6.47
2012-01-26 23:00:00,6.08
2012-01-29 23:00:00,5.72
2012-02-01 23:00:00,5.77
2012-02-04 23:00:00,5.99
2012-02-07 23:00:00,5.74
2012-02-10 23:00:00,5.94
2012-02-13 23:00:00,5.69
2012-02-16 23:00:00,4.74
2012-02-19 23:00:00,4.38
2012-02-22 23:00:00,4.63
2012-02-25 23:00:00,5.05
2012-02-28 23:00:00,4.98
2012-03-02 23:00:00,4.94
2012-03-05 23:00:00,5.04
2012-03-08 23:00:00,4.99
2012-03-11 23:00:00,4.98
2012-03-14 23:00:00,5.45
2012-03-17 23:00:00,5.4
2012-03-20 23:00:00,4.95
2012-03-23 23:00:00,4.81
2012-03-26 23:00:00,4.74
2012-03-29 23:00:00,4.85
2012-04-02 00:00:00,4.97
2012-04-05 00:00:00,4.96
2012-04-08 00:00:00,4.94
2012-04-11 00:00:00,4.9
2012-04-14 00:00:00,4.97
2012-04-17 00:00:00,4.99
2012-04-20 00:00:00,5.19
2012-04-23 00:00:00,5.3
2012-04-26 00:00:00,5.16
2012-04-29 00:00:00,5.09
2012-05-02 00:00:00,5.04
2012-05-05 00:00:00,5.15
2012-05-08 00:00:00,5.1
2012-05-11 00:00:00,5.1
2012-05-14 00:00:00,5.01
2012-05-17 00:00:00,5.1
2012-05-20 00:00:00,5.14
2012-05-23 00:00:00,5.13
2012-05-26 00:00:00,5.15
2012-05-29 00:00:00,5.16
2012-06-01 00:00:00,5.21
2012-06-04 00:00:00,5.27
2012-06-07 00:00:00,5.48
2012-06-10 00:00:00,5.68
2012-06-13 00:00:00,5.76
2012-06-16 00:00:00,6.27
2012-06-19 00:00:00,6.48
2012-06-22 00:00:00,6.8
2012-06-25 00:00:00,6.56
2012-06-28 00:00:00,6.58
2012-07-01 00:00:00,6.69
2012-07-04 00:00:00,6.71
2012-07-07 00:00:00,6.74
2012-07-10 00:00:00,6.98
2012-07-13 00:00:00,7.46
2012-07-16 00:00:00,7.8
2012-07-19 00:00:00,9.37
2012-07-22 00:00:00,9.53
2012-07-25 00:00:00,8.91
2012-07-28 00:00:00,8.95
2012-07-31 00:00:00,9.22
2012-08-03 00:00:00,10.12
2012-08-06 00:00:00,11.21
2012-08-09 00:00:00,11.35
2012-08-12 00:00:00,11.64
2012-08-15 00:00:00,12.3
2012-08-18 00:00:00,15.37
2012-08-21 00:00:00,10.45
2012-08-24 00:00:00,10.25
2012-08-27 00:00:00,10.99
2012-08-30 00:00:00,11.14
2012-09-02 00:00:00,10.36
2012-09-05 00:00:00,10.59
2012-09-08 00:00:00,11.27
2012-09-11 00:00:00,11.14
2012-09-14 00:00:00,11.48
2012-09-17 00:00:00,11.98
2012-09-20 00:00:00,12.63
2012-09-23 00:00:00,12.4
2012-09-26 00:00:00,12.24
2012-09-29 00:00:00,12.46
2012-10-02 00:00:00,12.58
2012-10-05 00:00:00,13.07
2012-10-08 00:00:00,12.58
2012-10-11 00:00:00,12.16
2012-10-14 00:00:00,12.1
2012-10-17 00:00:00,11.99
2012-10-20 00:00:00,11.94
2012-10-23 00:00:00,11.86
2012-10-26 00:00:00,11.56
2012-10-28 23:00:00,10.69
2012-10-31 23:00:00,11.17
2012-11-03 23:00:00,10.62
2012-11-06 23:00:00,10.97
2012-11-09 23:00:00,11.04
2012-11-12 23:00:00,11.17
2012-11-15 23:00:00,11.28
2012-11-18 23:00:00,11.82
2012-11-21 23:00:00,11.9
2012-11-24 23:00:00,12.46
2012-11-27 23:00:00,12.5
2012-11-30 23:00:00,12.66
2012-12-03 23:00:00,12.75
2012-12-06 23:00:00,13.69
2012-12-09 23:00:00,13.53
2012-12-12 23:00:00,13.8
2012-12-15 23:00:00,13.75
2012-12-18 23:00:00,13.4
2012-12-21 23:00:00,13.63
2012-12-24 23:00:00,13.45
2012-12-27 23:00:00,13.51
2012-12-30 23:00:00,13.57
2013-01-02 23:00:00,13.42
2013-01-05 23:00:00,13.54
2013-01-08 23:00:00,13.84
2013-01-11 23:00:00,14.31
2013-01-14 23:00:00,14.34
2013-01-17 23:00:00,15.53
2013-01-20 23:00:00,16.15
2013-01-23 23:00:00,17.97
2013-01-26 23:00:00,17.71
2013-01-29 23:00:00,19.78
2013-02-01 23:00:00,21.25
2013-02-04 23:00:00,20.99
2013-02-07 23:00:00,22.15
2013-02-10 23:00:00,23.97
2013-02-13 23:00:00,24.3
2013-02-16 23:00:00,27.39
2013-02-19 23:00:00,29.48
2013-02-22 23:00:00,30.52
2013-02-25 23:00:00,30.4
2013-02-28 23:00:00,33.36
2013-03-03 23:00:00,34.25
2013-03-06 23:00:00,42
2013-03-09 23:00:00,46.93
2013-03-12 23:00:00,44.32
2013-03-15 23:00:00,46.9
2013-03-18 23:00:00,52.12
2013-03-21 23:00:00,70.25
2013-03-24 23:00:00,71.93
2013-03-27 23:00:00,88.8
2013-03-30 23:00:00,92.5
2013-04-02 23:00:00,117.34
2013-04-05 23:00:00,142.1
2013-04-09 00:00:00,186.96
2013-04-12 00:00:00,124.9
2013-04-15 00:00:00,100
2013-04-18 00:00:00,93.9
2013-04-21 00:00:00,127.5
2013-04-24 00:00:00,142.5
2013-04-27 00:00:00,137
2013-04-30 00:00:00,144.54
2013-05-03 00:00:00,103.3
2013-05-06 00:00:00,115.98
2013-05-09 00:00:00,113.35
2013-05-12 00:00:00,115.68
2013-05-15 00:00:00,112
2013-05-18 00:00:00,123.32
2013-05-21 00:00:00,122.02
2013-05-24 00:00:00,126.7
2013-05-27 00:00:00,133.5
2013-05-30 00:00:00,132.3
2013-06-02 00:00:00,129.3
2013-06-05 00:00:00,121.42
2013-06-08 00:00:00,111.5
2013-06-11 00:00:00,106.1
2013-06-14 00:00:00,103.9
2013-06-17 00:00:00,99.9
2013-06-20 00:00:00,107.68
2013-06-23 00:00:00,108.35
2013-06-26 00:00:00,103.89
2013-06-29 00:00:00,94.65
2013-07-02 00:00:00,87
2013-07-05 00:00:00,80.04
2013-07-08 00:00:00,75
2013-07-11 00:00:00,87.9
2013-07-14 00:00:00,98
2013-07-17 00:00:00,97.05
2013-07-20 00:00:00,92
2013-07-23 00:00:00,91.99
2013-07-26 00:00:00,97
2013-07-29 00:00:00,98.7
2013-08-01 00:00:00,106.2
2013-08-04 00:00:00,104.95
2013-08-07 00:00:00,106.56
2013-08-10 00:00:00,102.8
2013-08-13 00:00:00,106.64
2013-08-16 00:00:00,98.08
2013-08-19 00:00:00,99.3
2013-08-22 00:00:00,110.43
2013-08-25 00:00:00,109.04
2013-08-28 00:00:00,117.72
2013-08-31 00:00:00,124.84
2013-09-03 00:00:00,130.09
2013-09-06 00:00:00,122.63
2013-09-09 00:00:00,118.18
2013-09-12 00:00:00,126.54
2013-09-15 00:00:00,124.05
2013-09-18 00:00:00,139.15
2013-09-21 00:00:00,123.04
2013-09-24 00:00:00,122.65
2013-09-27 00:00:00,124.65
2013-09-30 00:00:00,127.01
2013-10-03 00:00:00,103.85
2013-10-06 00:00:00,121.2
2013-10-09 00:00:00,124.12
2013-10-12 00:00:00,127.41
2013-10-15 00:00:00,135.17
2013-10-18 00:00:00,143.94
2013-10-21 00:00:00,186.12
2013-10-24 00:00:00,203.7
2013-10-27 00:00:00,179.56
2013-10-29 23:00:00,216
2013-11-01 23:00:00,203
2013-11-04 23:00:00,229.95
2013-11-07 23:00:00,291.02
2013-11-10 23:00:00,328
2013-11-13 23:00:00,393
2013-11-16 23:00:00,437.24
2013-11-19 23:00:00,547
2013-11-22 23:00:00,795
2013-11-25 23:00:00,814.56
2013-11-28 23:00:00,1014.1
2013-12-01 23:00:00,955.01
2013-12-04 23:00:00,1136.9
2013-12-07 23:00:00,705.91
2013-12-10 23:00:00,978.76
2013-12-13 23:00:00,885
2013-12-16 23:00:00,690
2013-12-19 23:00:00,685.3
2013-12-22 23:00:00,614.11
2013-12-25 23:00:00,679.02
2013-12-28 23:00:00,715
2013-12-31 23:00:00,732
2014-01-03 23:00:00,807.39
2014-01-06 23:00:00,915.69
2014-01-09 23:00:00,826.28
2014-01-12 23:00:00,844.04
2014-01-15 23:00:00,841.83
2014-01-18 23:00:00,811.2
2014-01-21 23:00:00,824.78
2014-01-24 23:00:00,780.02
2014-01-27 23:00:00,747.57
2014-01-30 23:00:00,800
2014-02-02 23:00:00,814.34
2014-02-05 23:00:00,781
2014-02-08 23:00:00,680.8
2014-02-11 23:00:00,675.1
2014-02-14 23:00:00,670.29
2014-02-17 23:00:00,629.96
2014-02-20 23:00:00,563
2014-02-23 23:00:00,611.05
2014-02-26 23:00:00,585.21
2014-03-01 23:00:00,567.48
2014-03-04 23:00:00,673.28
2014-03-07 23:00:00,631.99
2014-03-10 23:00:00,629.33
2014-03-13 23:00:00,641.01
2014-03-16 23:00:00,634.99
2014-03-19 23:00:00,611.2
2014-03-22 23:00:00,563.01
2014-03-25 23:00:00,585.79
2014-03-28 23:00:00,499.6
2014-03-31 23:00:00,457.49
2014-04-03 23:00:00,448.72
2014-04-07 00:00:00,458
2014-04-10 00:00:00,441.93
2014-04-13 00:00:00,423.37
2014-04-16 00:00:00,523
2014-04-19 00:00:00,482.11
2014-04-22 00:00:00,498.38
2014-04-25 00:00:00,502.15
2014-04-28 00:00:00,438.8
2014-05-01 00:00:00,452.03
2014-05-04 00:00:00,440
2014-05-07 00:00:00,428.01
2014-05-10 00:00:00,449
2014-05-13 00:00:00,442.45
2014-05-16 00:00:00,446.53
2014-05-19 00:00:00,446.89
2014-05-22 00:00:00,493.97
2014-05-25 00:00:00,527.91
2014-05-28 00:00:00,572.7
2014-05-31 00:00:00,621.3
2014-06-03 00:00:00,662
2014-06-06 00:00:00,661.48
2014-06-09 00:00:00,657.11
2014-06-12 00:00:00,624.97
2014-06-15 00:00:00,572.28
2014-06-18 00:00:00,608
2014-06-21 00:00:00,593.48
2014-06-24 00:00:00,588.25
2014-06-27 00:00:00,577.34
2014-06-30 00:00:00,599.99
2014-07-03 00:00:00,650.49
2014-07-06 00:00:00,631
2014-07-09 00:00:00,624.97
2014-07-12 00:00:00,634
2014-07-15 00:00:00,621.21
2014-07-18 00:00:00,625.8
2014-07-21 00:00:00,627
2014-07-24 00:00:00,620.43
2014-07-27 00:00:00,595.9
2014-07-30 00:00:00,585.5
2014-08-02 00:00:00,595.76
2014-08-05 00:00:00,588.5
2014-08-08 00:00:00,585.02
2014-08-11 00:00:00,590.74
2014-08-14 00:00:00,549.98
2014-08-17 00:00:00,523.88
2014-08-20 00:00:00,490
2014-08-23 00:00:00,515.69
2014-08-26 00:00:00,501.55
2014-08-29 00:00:00,506.61
2014-09-01 00:00:00,478.87
2014-09-04 00:00:00,474.5
2014-09-07 00:00:00,479.59
2014-09-10 00:00:00,473.35
2014-09-13 00:00:00,474.62
2014-09-16 00:00:00,470.83
2014-09-19 00:00:00,425.56
2014-09-22 00:00:00,401.15
2014-09-25 00:00:00,423.68
2014-09-28 00:00:00,400.39
2014-10-01 00:00:00,390.18
2014-10-04 00:00:00,358.9
2014-10-07 00:00:00,327.61
2014-10-10 00:00:00,363.61
2014-10-13 00:00:00,380.8
2014-10-16 00:00:00,394.84
2014-10-19 00:00:00,391
2014-10-22 00:00:00,385.89
2014-10-25 00:00:00,358.49
2014-10-27 23:00:00,350.9
2014-10-30 23:00:00,345.3
2014-11-02 23:00:00,324.36
2014-11-05 23:00:00,338.63
2014-11-08 23:00:00,346.94
2014-11-11 23:00:00,369.41
2014-11-14 23:00:00,399.11
2014-11-17 23:00:00,388.87
2014-11-20 23:00:00,356.47
2014-11-23 23:00:00,367.12
2014-11-26 23:00:00,366.86
2014-11-29 23:00:00,375.59
2014-12-02 23:00:00,379.62
2014-12-05 23:00:00,376
2014-12-08 23:00:00,362.99
2014-12-11 23:00:00,348.97
2014-12-14 23:00:00,357.8
2014-12-17 23:00:00,321.34
2014-12-20 23:00:00,331.52
2014-12-23 23:00:00,336.95
2014-12-26 23:00:00,329.94
2014-12-29 23:00:00,313.4
2015-01-01 23:00:00,314.81
2015-01-04 23:00:00,263.17
2015-01-07 23:00:00,297.99
2015-01-10 23:00:00,275.97
2015-01-13 23:00:00,222
2015-01-16 23:00:00,208.13
2015-01-19 23:00:00,216.01
2015-01-22 23:00:00,233.51
2015-01-25 23:00:00,254.32
2015-01-28 23:00:00,236.2
2015-01-31 23:00:00,219.25
2015-02-03 23:00:00,227.53
2015-02-06 23:00:00,222.36
2015-02-09 23:00:00,219.93
2015-02-12 23:00:00,222.33
2015-02-15 23:00:00,234.18
2015-02-18 23:00:00,237.44
2015-02-21 23:00:00,245.41
2015-02-24 23:00:00,239.94
2015-02-27 23:00:00,252.11
2015-03-02 23:00:00,275.87
2015-03-05 23:00:00,273.11
2015-03-08 23:00:00,275
2015-03-11 23:00:00,296.56
2015-03-14 23:00:00,282.2
2015-03-17 23:00:00,284.48
2015-03-20 23:00:00,262.1
2015-03-23 23:00:00,265.99
2015-03-26 23:00:00,249.23
2015-03-29 23:00:00,242.34
2015-04-01 23:00:00,246.49
2015-04-04 23:00:00,253.67
2015-04-08 00:00:00,253.9
2015-04-11 00:00:00,236
2015-04-14 00:00:00,223.01
2015-04-17 00:00:00,227.5
2015-04-20 00:00:00,222.61
2015-04-23 00:00:00,233.59
2015-04-26 00:00:00,226.29
2015-04-29 00:00:00,225.2
2015-05-02 00:00:00,230.97
2015-05-05 00:00:00,238.25
2015-05-08 00:00:00,237.16
2015-05-11 00:00:00,239.11
2015-05-14 00:00:00,235.97
2015-05-17 00:00:00,236.63
2015-05-20 00:00:00,231.4
2015-05-23 00:00:00,238.8
2015-05-26 00:00:00,235.59
2015-05-29 00:00:00,236.44
2015-06-01 00:00:00,228.34
2015-06-04 00:00:00,225.4
2015-06-07 00:00:00,224.99
2015-06-10 00:00:00,228.88
2015-06-13 00:00:00,229.6
2015-06-16 00:00:00,236
2015-06-19 00:00:00,248.26
2015-06-22 00:00:00,243.55
2015-06-25 00:00:00,240.2
2015-06-28 00:00:00,251.21
2015-07-01 00:00:00,262.43
2015-07-04 00:00:00,256.12
2015-07-07 00:00:00,268.53
2015-07-10 00:00:00,269
2015-07-13 00:00:00,310.55
2015-07-16 00:00:00,285.66
2015-07-19 00:00:00,276.74
2015-07-22 00:00:00,276.76
2015-07-25 00:00:00,289
2015-07-28 00:00:00,293.93
2015-07-31 00:00:00,288.45
2015-08-03 00:00:00,282.26
2015-08-06 00:00:00,281
2015-08-09 00:00:00,262.22
2015-08-12 00:00:00,270.98
2015-08-15 00:00:00,265.93
2015-08-18 00:00:00,256.66
2015-08-21 00:00:00,235.31
2015-08-24 00:00:00,228.14
2015-08-27 00:00:00,225.04
2015-08-30 00:00:00,229.63
2015-09-02 00:00:00,227.97
2015-09-05 00:00:00,230.73
2015-09-08 00:00:00,240.47
2015-09-11 00:00:00,238.81
2015-09-14 00:00:00,230
2015-09-17 00:00:00,228.33
2015-09-20 00:00:00,230.25
2015-09-23 00:00:00,230.42
2015-09-26 00:00:00,235.22
2015-09-29 00:00:00,239.14
2015-10-02 00:00:00,238.03
2015-10-05 00:00:00,238.4
2015-10-08 00:00:00,243.01
2015-10-11 00:00:00,245.72
2015-10-14 00:00:00,249.98
2015-10-17 00:00:00,262.26
2015-10-20 00:00:00,263.59
2015-10-23 00:00:00,274.35
2015-10-25 23:00:00,282.8
2015-10-28 23:00:00,304.79
2015-10-31 23:00:00,310.18
2015-11-03 23:00:00,404.5
2015-11-06 23:00:00,373.69
2015-11-09 23:00:00,380.62
2015-11-12 23:00:00,340.81
2015-11-15 23:00:00,318.97
2015-11-18 23:00:00,333.66
2015-11-21 23:00:00,326.31
2015-11-24 23:00:00,319.64
2015-11-27 23:00:00,358
2015-11-30 23:00:00,377.27
2015-12-03 23:00:00,361.47
2015-12-06 23:00:00,387.3
2015-12-09 23:00:00,416.49
2015-12-12 23:00:00,436.2
2015-12-15 23:00:00,463.98
2015-12-18 23:00:00,463
2015-12-21 23:00:00,438.35
2015-12-24 23:00:00,456
2015-12-27 23:00:00,422.42
2015-12-30 23:00:00,428.23
2016-01-02 23:00:00,432.76
2016-01-05 23:00:00,432.43
2016-01-08 23:00:00,452.64
2016-01-11 23:00:00,447.98
2016-01-14 23:00:00,429.55
2016-01-17 23:00:00,380.16
2016-01-20 23:00:00,420.35
2016-01-23 23:00:00,385.09
2016-01-26 23:00:00,391.66
2016-01-29 23:00:00,378.18
2016-02-01 23:00:00,371.99
2016-02-04 23:00:00,388
2016-02-07 23:00:00,375
2016-02-10 23:00:00,379.14
2016-02-13 23:00:00,389.88
2016-02-16 23:00:00,407
2016-02-19 23:00:00,419.98
2016-02-22 23:00:00,436.76
2016-02-25 23:00:00,423.46
2016-02-28 23:00:00,431.89
2016-03-02 23:00:00,422.5
2016-03-05 23:00:00,399.17
2016-03-08 23:00:00,412.15
2016-03-11 23:00:00,420.11
2016-03-14 23:00:00,414.99
2016-03-17 23:00:00,418.49
2016-03-20 23:00:00,411.81
2016-03-23 23:00:00,417.96
2016-03-26 23:00:00,416.96
2016-03-29 23:00:00,415.83
2016-04-01 23:00:00,416.31
2016-04-05 00:00:00,419.71
2016-04-08 00:00:00,419.95
2016-04-11 00:00:00,420.75
2016-04-14 00:00:00,423.87
2016-04-17 00:00:00,430.58
2016-04-20 00:00:00,435.95
2016-04-23 00:00:00,447.7
2016-04-26 00:00:00,462.5
2016-04-29 00:00:00,449.98
2016-05-02 00:00:00,453
2016-05-05 00:00:00,446.84
2016-05-08 00:00:00,459.02
2016-05-11 00:00:00,450.78
2016-05-14 00:00:00,455.82
2016-05-17 00:00:00,454
2016-05-20 00:00:00,436.05
2016-05-23 00:00:00,438.47
2016-05-26 00:00:00,448.7
2016-05-29 00:00:00,526.64
2016-06-01 00:00:00,531.97
2016-06-04 00:00:00,567.88
2016-06-07 00:00:00,583.72
2016-06-10 00:00:00,574.32
2016-06-13 00:00:00,665.85
2016-06-16 00:00:00,693.88
2016-06-19 00:00:00,751.96
2016-06-22 00:00:00,664.46
2016-06-25 00:00:00,665
2016-06-28 00:00:00,651.85
2016-07-01 00:00:00,667.95
2016-07-04 00:00:00,656.97
2016-07-07 00:00:00,673.76
2016-07-10 00:00:00,647.41
2016-07-13 00:00:00,664.5
2016-07-16 00:00:00,663.19
2016-07-19 00:00:00,673.46
2016-07-22 00:00:00,664
2016-07-25 00:00:00,661.48
2016-07-28 00:00:00,655.37
2016-07-31 00:00:00,654.68
2016-08-03 00:00:00,530.74
2016-08-06 00:00:00,572.72
2016-08-09 00:00:00,591.69
2016-08-12 00:00:00,586.01
2016-08-15 00:00:00,567.34
2016-08-18 00:00:00,570.92
2016-08-21 00:00:00,577.52
2016-08-24 00:00:00,581.98
2016-08-27 00:00:00,577.77
2016-08-30 00:00:00,571.5
2016-09-02 00:00:00,571
2016-09-05 00:00:00,603.95
2016-09-08 00:00:00,615.33
2016-09-11 00:00:00,621.65
2016-09-14 00:00:00,608.82
2016-09-17 00:00:00,607.04
2016-09-20 00:00:00,608.66
2016-09-23 00:00:00,594.08
2016-09-26 00:00:00,598.98
2016-09-29 00:00:00,603.85
2016-10-02 00:00:00,612.98
2016-10-05 00:00:00,607.18
2016-10-08 00:00:00,614.74
2016-10-11 00:00:00,614.77
2016-10-14 00:00:00,634.02
2016-10-17 00:00:00,638.97
2016-10-20 00:00:00,627.72
2016-10-23 00:00:00,653.25
2016-10-26 00:00:00,651.45
2016-10-29 00:00:00,685.91
2016-10-31 23:00:00,697.01
2016-11-03 23:00:00,683.69
2016-11-06 23:00:00,709.96
2016-11-09 23:00:00,721.5
2016-11-12 23:00:00,702.28
2016-11-15 23:00:00,711.73
2016-11-18 23:00:00,748.98
2016-11-21 23:00:00,736.97
2016-11-24 23:00:00,735.64
2016-11-27 23:00:00,727.31
2016-11-30 23:00:00,742.05
2016-12-03 23:00:00,762.97
2016-12-06 23:00:00,758.99
2016-12-09 23:00:00,769.08
2016-12-12 23:00:00,777.99
2016-12-15 23:00:00,775.88
2016-12-18 23:00:00,788.67
2016-12-21 23:00:00,834.97
2016-12-24 23:00:00,892.6
2016-12-27 23:00:00,930.34
2016-12-30 23:00:00,958.12
2017-01-02 23:00:00,1013.42
2017-01-05 23:00:00,999.65
2017-01-08 23:00:00,910.49
2017-01-11 23:00:00,780.92
2017-01-14 23:00:00,819.55
2017-01-17 23:00:00,906.6
2017-01-20 23:00:00,895.64
2017-01-23 23:00:00,919.97
2017-01-26 23:00:00,915.05
2017-01-29 23:00:00,912.19
2017-02-01 23:00:00,983.42
2017-02-04 23:00:00,1034.07
2017-02-07 23:00:00,1052.84
2017-02-10 23:00:00,997.59
2017-02-13 23:00:00,1001.2
2017-02-16 23:00:00,1035.2
2017-02-19 23:00:00,1050.87
2017-02-22 23:00:00,1130.01
2017-02-25 23:00:00,1150.37
2017-02-28 23:00:00,1190.89
2017-03-03 23:00:00,1287
2017-03-06 23:00:00,1279.5
2017-03-09 23:00:00,1192.09
2017-03-12 23:00:00,1227.68
2017-03-15 23:00:00,1257
2017-03-18 23:00:00,967.69
2017-03-21 23:00:00,1113
2017-03-24 23:00:00,927.93
2017-03-27 23:00:00,1041.04
2017-03-30 23:00:00,1034.74
2017-04-03 00:00:00,1079.99
2017-04-06 00:00:00,1133.53
2017-04-09 00:00:00,1184.03
2017-04-12 00:00:00,1219.09
2017-04-15 00:00:00,1170.36
2017-04-18 00:00:00,1176.97
2017-04-21 00:00:00,1236.63
2017-04-24 00:00:00,1240.84
2017-04-27 00:00:00,1288.02
2017-04-30 00:00:00,1333
2017-05-03 00:00:00,1447.55
2017-05-06 00:00:00,1518.75
2017-05-09 00:00:00,1651.1
2017-05-12 00:00:00,1829
2017-05-15 00:00:00,1780
2017-05-18 00:00:00,1783.98
2017-05-21 00:00:00,2008.84
2017-05-24 00:00:00,2256.32
2017-05-27 00:00:00,2279.82
2017-05-30 00:00:00,2290.02
2017-06-02 00:00:00,2409.93
2017-06-05 00:00:00,2529.53
2017-06-08 00:00:00,2683.03
2017-06-11 00:00:00,2898.63
2017-06-14 00:00:00,2706
2017-06-17 00:00:00,2477.94
2017-06-20 00:00:00,2600
2017-06-23 00:00:00,2713.48
2017-06-26 00:00:00,2502.03
2017-06-29 00:00:00,2558.3
2017-07-02 00:00:00,2421.26
2017-07-05 00:00:00,2598.89
2017-07-08 00:00:00,2502.86
2017-07-11 00:00:00,2327.09
2017-07-14 00:00:00,2338.49
2017-07-17 00:00:00,1910.96
2017-07-20 00:00:00,2265.21
2017-07-23 00:00:00,2825.51
2017-07-26 00:00:00,2564.3
2017-07-29 00:00:00,2784.8
2017-08-01 00:00:00,2862.9
2017-08-04 00:00:00,2790
2017-08-07 00:00:00,3210.2
2017-08-10 00:00:00,3340.28
2017-08-13 00:00:00,3868.52
2017-08-16 00:00:00,4179.97
2017-08-19 00:00:00,4104.71
2017-08-22 00:00:00,3986.28
2017-08-25 00:00:00,4331.77
2017-08-28 00:00:00,4339.05
2017-08-31 00:00:00,4582.52
2017-09-03 00:00:00,4585.57
2017-09-06 00:00:00,4385.02
2017-09-09 00:00:00,4312.26
2017-09-12 00:00:00,4198.59
2017-09-15 00:00:00,3216.43
2017-09-18 00:00:00,3678.53
2017-09-21 00:00:00,3894.48
2017-09-24 00:00:00,3777.62
2017-09-27 00:00:00,3881
2017-09-30 00:00:00,4164.27
2017-10-03 00:00:00,4394.07
2017-10-06 00:00:00,4318.58
2017-10-09 00:00:00,4605.66
2017-10-12 00:00:00,4822.17
2017-10-15 00:00:00,5825.99
2017-10-18 00:00:00,5594.66
2017-10-21 00:00:00,5986.44
2017-10-24 00:00:00,5900.59
2017-10-27 00:00:00,5889.82
2017-10-29 23:00:00,6136.49
2017-11-01 23:00:00,6751.98
2017-11-04 23:00:00,7365.99
2017-11-07 23:00:00,7128.64
2017-11-10 23:00:00,6569.22
2017-11-13 23:00:00,6493.63
2017-11-16 23:00:00,7868.77
2017-11-19 23:00:00,8049.72
2017-11-22 23:00:00,8236.72
2017-11-25 23:00:00,8768.8
2017-11-28 23:00:00,9919
2017-12-01 23:00:00,10879.88
2017-12-04 23:00:00,11591.22
2017-12-07 23:00:00,16860.88
2017-12-10 23:00:00,15068.95
2017-12-13 23:00:00,16252.31
2017-12-16 23:00:00,19279.9
2017-12-19 23:00:00,17382.94
2017-12-22 23:00:00,13776.61
2017-12-25 23:00:00,13740.94
2017-12-28 23:00:00,14214.01
2017-12-31 23:00:00,13796
2018-01-03 23:00:00,15039.24
2018-01-06 23:00:00,17155.95
2018-01-09 23:00:00,14437.42
2018-01-12 23:00:00,13791.19
2018-01-15 23:00:00,13554.14
2018-01-18 23:00:00,11174.82
2018-01-21 23:00:00,11513.42
2018-01-24 23:00:00,11392.03
2018-01-27 23:00:00,11431.37
2018-01-30 23:00:00,10082.52
2018-02-02 23:00:00,8852.73
2018-02-05 23:00:00,6925.46
2018-02-08 23:00:00,8245.08
2018-02-11 23:00:00,8068.02
2018-02-14 23:00:00,9471.64
2018-02-17 23:00:00,11085.83
2018-02-20 23:00:00,11245.98
2018-02-23 23:00:00,10171.3
2018-02-26 23:00:00,10319.46
2018-03-01 23:00:00,10931.12
2018-03-04 23:00:00,11516.83
2018-03-07 23:00:00,9920.46
2018-03-10 23:00:00,8777.37
2018-03-13 23:00:00,9153.54
2018-03-16 23:00:00,8297.89
2018-03-19 23:00:00,8605.64
2018-03-22 23:00:00,8725.37
2018-03-25 23:00:00,8457.96
2018-03-28 23:00:00,7950.61
2018-03-31 23:00:00,6937.56
2018-04-04 00:00:00,7426.48
2018-04-07 00:00:00,6634.68
2018-04-10 00:00:00,6784.41
2018-04-13 00:00:00,7941.46
2018-04-16 00:00:00,8368.1
2018-04-19 00:00:00,8175.96
2018-04-22 00:00:00,8930.6
2018-04-25 00:00:00,9658.11
2018-04-28 00:00:00,8928.55
2018-05-01 00:00:00,9239.55
2018-05-04 00:00:00,9753.35
2018-05-07 00:00:00,9631.44
2018-05-10 00:00:00,9310.37
2018-05-13 00:00:00,8463.52
2018-05-16 00:00:00,8471.06
2018-05-19 00:00:00,8239.08
2018-05-22 00:00:00,8396.63
2018-05-25 00:00:00,7576.78
2018-05-28 00:00:00,7344.56
2018-05-31 00:00:00,7386.72
2018-06-03 00:00:00,7637.14
2018-06-06 00:00:00,7619.43
2018-06-09 00:00:00,7615.54
2018-06-12 00:00:00,6879.31
2018-06-15 00:00:00,6637.41
2018-06-18 00:00:00,6445.79
2018-06-21 00:00:00,6760.83
2018-06-24 00:00:00,6170.46
2018-06-27 00:00:00,6097.46
2018-06-30 00:00:00,6223.28
2018-07-03 00:00:00,6626.44
2018-07-06 00:00:00,6555.51
2018-07-09 00:00:00,6724.04
2018-07-12 00:00:00,6403.18
2018-07-15 00:00:00,6248.84
2018-07-18 00:00:00,7321.62
2018-07-21 00:00:00,7334.99
2018-07-24 00:00:00,7715.1
2018-07-27 00:00:00,7939.81
2018-07-30 00:00:00,8220.91
2018-08-02 00:00:00,7607.7
2018-08-05 00:00:00,7011.28
2018-08-08 00:00:00,6718.23
2018-08-11 00:00:00,6138.96
2018-08-14 00:00:00,6252.13
2018-08-17 00:00:00,6312.75
2018-08-20 00:00:00,6486.58
2018-08-23 00:00:00,6354.57
2018-08-26 00:00:00,6738.27
2018-08-29 00:00:00,7078.19
2018-09-01 00:00:00,7018.78
2018-09-04 00:00:00,7265.08
2018-09-07 00:00:00,6501.19
2018-09-10 00:00:00,6240.98
2018-09-13 00:00:00,6326.04
2018-09-16 00:00:00,6522.39
2018-09-19 00:00:00,6342.39
2018-09-22 00:00:00,6756.12
2018-09-25 00:00:00,6583.45
2018-09-28 00:00:00,6686.08
2018-10-01 00:00:00,6611.02
2018-10-04 00:00:00,6483.73
2018-10-07 00:00:00,6573.62
2018-10-10 00:00:00,6626.85
2018-10-13 00:00:00,6247
2018-10-16 00:00:00,6599.17
2018-10-19 00:00:00,6509.61
2018-10-22 00:00:00,6504.78
2018-10-25 00:00:00,6489.77
2018-10-28 00:00:00,6457.21
2018-10-30 23:00:00,6301.61
2018-11-02 23:00:00,6390.42
2018-11-05 23:00:00,6437.76
2018-11-08 23:00:00,6444.97
2018-11-11 23:00:00,6408.53
2018-11-14 23:00:00,5756.77
2018-11-17 23:00:00,5572.44
2018-11-20 23:00:00,4491.98
2018-11-23 23:00:00,4352.98
2018-11-26 23:00:00,3793.35
2018-11-29 23:00:00,4278.77
2018-12-02 23:00:00,4140.6
2018-12-05 23:00:00,3744.98
2018-12-08 23:00:00,3453.66
2018-12-11 23:00:00,3407.28
2018-12-14 23:00:00,3242.42
2018-12-17 23:00:00,3556.54
2018-12-20 23:00:00,4135.19
2018-12-23 23:00:00,3995.17
2018-12-26 23:00:00,3848.21
2018-12-29 23:00:00,3770.36
2019-01-01 23:00:00,3855.88
2019-01-04 23:00:00,3856.62
2019-01-07 23:00:00,4032.25
2019-01-10 23:00:00,3646.25
2019-01-13 23:00:00,3531.96
2019-01-16 23:00:00,3621.43
2019-01-19 23:00:00,3703.98
2019-01-22 23:00:00,3587.35
2019-01-25 23:00:00,3577.79
2019-01-28 23:00:00,3448.58
2019-01-31 23:00:00,3444.81
2019-02-03 23:00:00,3456.02
2019-02-06 23:00:00,3405.7
2019-02-09 23:00:00,3664.38
2019-02-12 23:00:00,3632.42
2019-02-15 23:00:00,3608.2
2019-02-18 23:00:00,3910.8
2019-02-21 23:00:00,3944.88
2019-02-24 23:00:00,3766.89
2019-02-27 23:00:00,3833.23
2019-03-02 23:00:00,3831.44
2019-03-05 23:00:00,3872.25
2019-03-08 23:00:00,3875.96
2019-03-11 23:00:00,3881.09
2019-03-14 23:00:00,3885.21
2019-03-17 23:00:00,3994.92
2019-03-20 23:00:00,4056.4
2019-03-23 23:00:00,4011.92
2019-03-26 23:00:00,3947.74
2019-03-29 23:00:00,4115.55
2019-04-01 23:00:00,4152.53
2019-04-04 23:00:00,4911.24
2019-04-08 00:00:00,5189.39
2019-04-11 00:00:00,5310.18
2019-04-14 00:00:00,5064.62
2019-04-17 00:00:00,5196.65
2019-04-20 00:00:00,5277.04
2019-04-23 00:00:00,5377.19
2019-04-26 00:00:00,5195.61
2019-04-29 00:00:00,5301.29
2019-05-02 00:00:00,5326.67
2019-05-05 00:00:00,5771.08
2019-05-08 00:00:00,5755.72
2019-05-11 00:00:00,6348.02
2019-05-14 00:00:00,7823.11
2019-05-17 00:00:00,7885.96
2019-05-20 00:00:00,8193.7
2019-05-23 00:00:00,7625.93
2019-05-26 00:00:00,8071.45
2019-05-29 00:00:00,8719.88
2019-06-01 00:00:00,8553.81
2019-06-04 00:00:00,8134.92
2019-06-07 00:00:00,7803.23
2019-06-10 00:00:00,7640.61
2019-06-13 00:00:00,8173.06
2019-06-16 00:00:00,8859.47
2019-06-19 00:00:00,9076.18
2019-06-22 00:00:00,10209.38
2019-06-25 00:00:00,11017.5
2019-06-28 00:00:00,11132.85
2019-07-01 00:00:00,10737.73
2019-07-04 00:00:00,11984.76
2019-07-07 00:00:00,11232.04
2019-07-10 00:00:00,12586.78
2019-07-13 00:00:00,11803.97
2019-07-16 00:00:00,10873.5
2019-07-19 00:00:00,10638.56
2019-07-22 00:00:00,10587.41
2019-07-25 00:00:00,9772.17
2019-07-28 00:00:00,9473.99
2019-07-31 00:00:00,9589.13
2019-08-03 00:00:00,10529.55
2019-08-06 00:00:00,11787.99
2019-08-09 00:00:00,11996.41
2019-08-12 00:00:00,11566.84
2019-08-15 00:00:00,10016.96
2019-08-18 00:00:00,10214.52
2019-08-21 00:00:00,10760.56
2019-08-24 00:00:00,10405.81
2019-08-27 00:00:00,10360.28
2019-08-30 00:00:00,9484.55
2019-09-02 00:00:00,9769.79
2019-09-05 00:00:00,10584.16
2019-09-08 00:00:00,10487.21
2019-09-11 00:00:00,10101.03
2019-09-14 00:00:00,10363.9
2019-09-17 00:00:00,10265.63
2019-09-20 00:00:00,10275.88
2019-09-23 00:00:00,10033.05
2019-09-26 00:00:00,8432.23
2019-09-29 00:00:00,8225
2019-10-02 00:00:00,8322.92
2019-10-05 00:00:00,8155.48
2019-10-08 00:00:00,8212.02
2019-10-11 00:00:00,8586.9
2019-10-14 00:00:00,8283.76
2019-10-17 00:00:00,8002.51
2019-10-20 00:00:00,7960.04
2019-10-23 00:00:00,8026.76
2019-10-26 00:00:00,8666.79
2019-10-28 23:00:00,9218.76
2019-10-31 23:00:00,9147.98
2019-11-03 23:00:00,9206.16
2019-11-06 23:00:00,9343.34
2019-11-09 23:00:00,8809.41
2019-11-12 23:00:00,8801.52
2019-11-15 23:00:00,8457.69
2019-11-18 23:00:00,8175.99
2019-11-21 23:00:00,7617.07
2019-11-24 23:00:00,6907.4
2019-11-27 23:00:00,7523.83
2019-11-30 23:00:00,7557.72
2019-12-03 23:00:00,7296.77
2019-12-06 23:00:00,7547.19
2019-12-09 23:00:00,7337.42
2019-12-12 23:00:00,7189.16
2019-12-15 23:00:00,7111.14
2019-12-18 23:00:00,7284.29
2019-12-21 23:00:00,7143.2
2019-12-24 23:00:00,7250.69
2019-12-27 23:00:00,7243.93
2019-12-30 23:00:00,7219.6
2020-01-02 23:00:00,6944.33
2020-01-05 23:00:00,7351.57
2020-01-08 23:00:00,8042.65
2020-01-11 23:00:00,8021.49
2020-01-14 23:00:00,8842.42
2020-01-17 23:00:00,8900.34
2020-01-20 23:00:00,8626.47
2020-01-23 23:00:00,8388.11
2020-01-26 23:00:00,8588.42
2020-01-29 23:00:00,9279.81
2020-02-01 23:00:00,9378.09
2020-02-04 23:00:00,9162.14
2020-02-07 23:00:00,9807.54
2020-02-10 23:00:00,9854.79
2020-02-13 23:00:00,10242.43
2020-02-16 23:00:00,9937.67
2020-02-19 23:00:00,9604.72
2020-02-22 23:00:00,9669.63
2020-02-25 23:00:00,9309.15
2020-02-28 23:00:00,8712.35
2020-03-02 23:00:00,8912.82
2020-03-05 23:00:00,9067.39
2020-03-08 23:00:00,8039.38
2020-03-11 23:00:00,7936.65
2020-03-14 23:00:00,5166.26
2020-03-17 23:00:00,5357.61
2020-03-20 23:00:00,6226.44
2020-03-23 23:00:00,6502.16
2020-03-26 23:00:00,6763.75
2020-03-29 23:00:00,5885.41
2020-04-01 23:00:00,6652.87
2020-04-04 23:00:00,6871.69
2020-04-08 00:00:00,7205.55
2020-04-11 00:00:00,6873.24
2020-04-14 00:00:00,6857.66
2020-04-17 00:00:00,7112.27
2020-04-20 00:00:00,7130.04
2020-04-23 00:00:00,7130.99
2020-04-26 00:00:00,7549.52
2020-04-29 00:00:00,7765.33
2020-05-02 00:00:00,8824.66
2020-05-05 00:00:00,8885.93
2020-05-08 00:00:00,10002.48
2020-05-11 00:00:00,8754.46
2020-05-14 00:00:00,9305.93
2020-05-17 00:00:00,9385.7
2020-05-20 00:00:00,9785.74
2020-05-23 00:00:00,9167.26
2020-05-26 00:00:00,8899.66
2020-05-29 00:00:00,9569.21
2020-06-01 00:00:00,9450.84
2020-06-04 00:00:00,9658.04
2020-06-07 00:00:00,9670.43
2020-06-10 00:00:00,9775.15
2020-06-13 00:00:00,9459.97
2020-06-16 00:00:00,9426.7
2020-06-19 00:00:00,9380.03
2020-06-22 00:00:00,9284.78
2020-06-25 00:00:00,9276.58
2020-06-28 00:00:00,9004.23
2020-07-01 00:00:00,9133.97
2020-07-04 00:00:00,9072.42
2020-07-07 00:00:00,9348.91
2020-07-10 00:00:00,9238.04
2020-07-13 00:00:00,9295.9
2020-07-16 00:00:00,9193.51
2020-07-19 00:00:00,9174.71
2020-07-22 00:00:00,9392.66
2020-07-25 00:00:00,9551.28
2020-07-28 00:00:00,11042.4
2020-07-31 00:00:00,11114.93
2020-08-03 00:00:00,11077.77
2020-08-06 00:00:00,11750.28
2020-08-09 00:00:00,11767.6
2020-08-12 00:00:00,11392.43
2020-08-15 00:00:00,11774.38
2020-08-18 00:00:00,12293.72
2020-08-21 00:00:00,11865.82
2020-08-24 00:00:00,11653.02
2020-08-27 00:00:00,11467.37
2020-08-30 00:00:00,11481.64
2020-09-02 00:00:00,11923.25
2020-09-05 00:00:00,10467.89
2020-09-08 00:00:00,10367.74
2020-09-11 00:00:00,10352.66
2020-09-14 00:00:00,10330.77
2020-09-17 00:00:00,10948.43
2020-09-20 00:00:00,11081.43
2020-09-23 00:00:00,10532.22
2020-09-26 00:00:00,10692.84
2020-09-29 00:00:00,10692.33
2020-10-02 00:00:00,10619.24
2020-10-05 00:00:00,10673.46
2020-10-08 00:00:00,10670.8
2020-10-11 00:00:00,11302.67
2020-10-14 00:00:00,11428.24
2020-10-17 00:00:00,11327.57
2020-10-20 00:00:00,11758.16
2020-10-23 00:00:00,12990.25
2020-10-25 23:00:00,13036.77
2020-10-28 23:00:00,13289
2020-10-31 23:00:00,13810.32
2020-11-03 23:00:00,14023.31
2020-11-06 23:00:00,15595.77
2020-11-09 23:00:00,15328.53
2020-11-12 23:00:00,16295.57
2020-11-15 23:00:00,15968.16
2020-11-18 23:00:00,17798.45
2020-11-21 23:00:00,18699.75
2020-11-24 23:00:00,19172.52
2020-11-27 23:00:00,17138.87
2020-11-30 23:00:00,19709.73
2020-12-03 23:00:00,19454.54
2020-12-06 23:00:00,19377.66
2020-12-09 23:00:00,18554.15
2020-12-12 23:00:00,18803.44
2020-12-15 23:00:00,19439.75
2020-12-18 23:00:00,23150.79
2020-12-21 23:00:00,22745.48
2020-12-24 23:00:00,23715.53
2020-12-27 23:00:00,26246.58
2020-12-30 23:00:00,28856.59
2021-01-02 23:00:00,32195.46
2021-01-05 23:00:00,34046.67
2021-01-08 23:00:00,40670.25
2021-01-11 23:00:00,35544.94
2021-01-14 23:00:00,39158.47
2021-01-17 23:00:00,35793.01
2021-01-20 23:00:00,35538.98
2021-01-23 23:00:00,32099.74
2021-01-26 23:00:00,32541.8
2021-01-29 23:00:00,34314.26
2021-02-01 23:00:00,33522.9
2021-02-04 23:00:00,37002.09
2021-02-07 23:00:00,38928.1
2021-02-10 23:00:00,44878.17
2021-02-13 23:00:00,47185.19
2021-02-16 23:00:00,49160.1
2021-02-19 23:00:00,55916.5
2021-02-22 23:00:00,54123.4
2021-02-25 23:00:00,46800.42
2021-02-28 23:00:00,45113.92
2021-03-03 23:00:00,50477.7
2021-03-06 23:00:00,48881.59
2021-03-09 23:00:00,54881.52
2021-03-12 23:00:00,57253.28
2021-03-15 23:00:00,55754.72
2021-03-18 23:00:00,57665.9
2021-03-21 23:00:00,57411.17
2021-03-24 23:00:00,52508.23
2021-03-27 23:00:00,55863.93
2021-03-30 23:00:00,58730.13
2021-04-02 23:00:00,59031.32
2021-04-06 00:00:00,59054.1
2021-04-09 00:00:00,58048.59
2021-04-12 00:00:00,59964.87
2021-04-15 00:00:00,62969.12
2021-04-18 00:00:00,60087.09